vtuber_name,custom_url,channel_id,production
壱百満天原サロメ(ひゃくまんてんばらさろめ) ,HyakumantenbaraSalome,UCgIfLpQvelloDi8I0Ycbwpg,にじさんじ
葛葉 ,Kuzuha,UCSFCh5NL4qXrAy9u-u2lX3g,にじさんじ
叶(かなえ) ,Kanae,UCspv01oxUFf_MTSipURRhkA,にじさんじ
宝鐘マリン(ほうしょうマリン) ,HoushouMarine,UCCzUftO8KOVkV4wQG1vkUvg,ホロライブ
兎田ぺこら ,usadapekora,UC1DCedRgGHBdm81E1llLhOQ,ホロライブ
白上フブキ ,ShirakamiFubuki,UCdn5BQ06XqgXoAxIhbqw5Rg,ホロライブ
星街すいせい ,HoshimachiSuisei,UC5CwaMl1eIgY8h02uZw7u8A,ホロライブ
戌神ころね ,InugamiKorone,UChAnqc_AY5_I3Px5dig3X1Q,ホロライブ
さくらみこ ,SakuraMiko,UC-hM6YJuNYVAmUWxeIr9FeA,ホロライブ
湊あくあ ,MinatoAqua,UC1opHUrw8rvnsadT-iGp7Cg,ホロライブ
白銀ノエル ,ShiroganeNoel,UCdyqAaZDKHXg4Ahi7VENThQ,ホロライブ
猫又おかゆ ,NekomataOkayu,UCvaTdHTWBGv3MKj3KVqJVCw,ホロライブ
大空スバル ,OozoraSubaru,UCvzGlP9oQwU--Y0r9id_jnA,ホロライブ
角巻わため ,TsunomakiWatame,UCqm3BQLlJfvkTsX_hvm0UmA,ホロライブ
百鬼あやめ ,NakiriAyame,UC7fk0CB07ly8oSl0aqKkqFg,ホロライブ
天音かなた(あまねかなた) ,AmaneKanata,UCZlDXzGoo7d44bwdNObFacg,ホロライブ
赤井はあと ,AkaiHaato,UC1CfXB_kRs3C-zaeTG3oGyg,ホロライブ
獅白ぼたん ,ShishiroBotan,UCUKD-uaobj9jiqB-VXt71mA,ホロライブ
夏色まつり ,NatsuiroMatsuri,UCQ0UDLQCjY0rmuxCDE38FGg,ホロライブ
常闇トワ ,TokoyamiTowa,UC1uv2Oq6kNxgATlCiez59hw,ホロライブ
沙花叉クロヱ(さかまたくろえ) ,SakamataChloe,UCIBY1ollUsauvVi4hW4cumw,ホロライブ
雪花ラミィ ,YukihanaLamy,UCFKOVgVbGmX65RxO3EtH3iw,ホロライブ
月ノ美兎 ,TsukinoMito,UCD-miitqNY3nyukJ4Fnf4_A,にじさんじ
星川サラ ,HoshikawaSara,UC9V3Y3_uzU5e-usObb6IE1w,にじさんじ
剣持刀也 ,KenmochiToya,UCv1fFr156jc65EMiLbaLImw,にじさんじ